[{
  "_id": {
    "$oid": "5ef661c08c66bc2464337216"
  },
  "test_id": 3001,
  "test_name": "Mediacal Test",
  "test_price": 3000
},{
  "_id": {
    "$oid": "5ef661c08c66bc2464337217"
  },
  "test_id": 3002,
  "test_name": "Blood Test",
  "test_price": 180
},{
  "_id": {
    "$oid": "5ef661c08c66bc2464337218"
  },
  "test_id": 3003,
  "test_name": "Biopsy",
  "test_price": 250
},{
  "_id": {
    "$oid": "5ef661c08c66bc2464337219"
  },
  "test_id": 3004,
  "test_name": "Pathalogy",
  "test_price": 1000
},{
  "_id": {
    "$oid": "5ef661c08c66bc246433721a"
  },
  "test_id": 3005,
  "test_name": "Physical Examination",
  "test_price": 4500
},{
  "_id": {
    "$oid": "5ef661c08c66bc246433721b"
  },
  "test_id": 3006,
  "test_name": "X-Ray",
  "test_price": 500
},{
  "_id": {
    "$oid": "5ef661c08c66bc246433721c"
  },
  "test_id": 3007,
  "test_name": "Endoscopy",
  "test_price": 800
},{
  "_id": {
    "$oid": "5ef661c08c66bc246433721d"
  },
  "test_id": 3008,
  "test_name": "Radiology",
  "test_price": 5000
},{
  "_id": {
    "$oid": "5ef661c08c66bc246433721e"
  },
  "test_id": 3009,
  "test_name": "Genetic Testing",
  "test_price": 1500
},{
  "_id": {
    "$oid": "5ef661c08c66bc246433721f"
  },
  "test_id": 3010,
  "test_name": "Colposcopy",
  "test_price": 2500
}]