[{
  "_id": {
    "$oid": "5ef717266fde35659f3c339f"
  },
  "patient_id": 100000002,
  "medicine_id": 2001,
  "medicine_qty": 3,
  "das": {
    "$date": "2020-06-27T00:00:00Z"
  }
},{
  "_id": {
    "$oid": "5ef71863448dc84c93a5007c"
  },
  "patient_id": 100000002,
  "medicine_id": 2002,
  "medicine_qty": 5,
  "das": {
    "$date": "2020-06-27T00:00:00Z"
  }
},{
  "_id": {
    "$oid": "5ef7253d80766e7ce883aed4"
  },
  "patient_id": 100000003,
  "medicine_id": 2005,
  "medicine_qty": 50,
  "das": {
    "$date": "2020-06-27T00:00:00Z"
  }
},{
  "_id": {
    "$oid": "5ef7288ea1c828d487570bbc"
  },
  "patient_id": 100000002,
  "medicine_id": 2001,
  "medicine_qty": 30,
  "das": {
    "$date": "2020-06-27T00:00:00Z"
  }
},{
  "_id": {
    "$oid": "5ef72a475d01cd23e9d243e9"
  },
  "patient_id": 100000002,
  "medicine_id": 2001,
  "medicine_qty": 5,
  "das": {
    "$date": "2020-06-27T00:00:00Z"
  }
},{
  "_id": {
    "$oid": "5ef72a915d01cd23e9d243ea"
  },
  "patient_id": 100000002,
  "medicine_id": 2001,
  "medicine_qty": 5,
  "das": {
    "$date": "2020-06-27T00:00:00Z"
  }
},{
  "_id": {
    "$oid": "5ef72ade5d01cd23e9d243eb"
  },
  "patient_id": 100000002,
  "medicine_id": 2001,
  "medicine_qty": 5,
  "das": {
    "$date": "2020-06-27T00:00:00Z"
  }
},{
  "_id": {
    "$oid": "5ef72b405d01cd23e9d243ec"
  },
  "patient_id": 100000002,
  "medicine_id": 2002,
  "medicine_qty": 10,
  "das": {
    "$date": "2020-06-27T00:00:00Z"
  }
},{
  "_id": {
    "$oid": "5ef73b4cad034469051c292f"
  },
  "patient_id": 100000005,
  "medicine_id": 2005,
  "medicine_qty": 20,
  "das": {
    "$date": "2020-06-27T00:00:00Z"
  }
},{
  "_id": {
    "$oid": "5ef73c98bbf6dc7f349a00fc"
  },
  "patient_id": 100000005,
  "medicine_id": 2009,
  "medicine_qty": 5,
  "das": {
    "$date": "2020-06-27T00:00:00Z"
  }
},{
  "_id": {
    "$oid": "5ef75f7e1e3ec57ac3e75c55"
  },
  "patient_id": 100000002,
  "medicine_id": 2005,
  "medicine_qty": 7,
  "das": {
    "$date": "2020-06-27T00:00:00Z"
  }
},{
  "_id": {
    "$oid": "5ef7747913f0b5887f667642"
  },
  "patient_id": 100000003,
  "medicine_id": 2006,
  "medicine_qty": 75,
  "das": {
    "$date": "2020-06-27T00:00:00Z"
  }
},{
  "_id": {
    "$oid": "5ef7747f13f0b5887f667643"
  },
  "patient_id": 100000003,
  "medicine_id": 2007,
  "medicine_qty": 80,
  "das": {
    "$date": "2020-06-27T00:00:00Z"
  }
},{
  "_id": {
    "$oid": "5ef88126a6e698ab779d506b"
  },
  "patient_id": 100000002,
  "medicine_id": 2006,
  "medicine_qty": 25,
  "das": {
    "$date": "2020-06-28T00:00:00Z"
  }
},{
  "_id": {
    "$oid": "5ef9141364ea960c8b08d97e"
  },
  "patient_id": 100000004,
  "medicine_id": 2001,
  "medicine_qty": 5,
  "das": {
    "$date": "2020-06-28T00:00:00Z"
  }
},{
  "_id": {
    "$oid": "5ef91c8564ea960c8b08d97f"
  },
  "patient_id": 100000004,
  "medicine_id": 2001,
  "medicine_qty": 5,
  "das": {
    "$date": "2020-06-28T00:00:00Z"
  }
},{
  "_id": {
    "$oid": "5efb1232ddce41f9175b401b"
  },
  "patient_id": 100000002,
  "medicine_id": 2005,
  "medicine_qty": 20,
  "das": {
    "$date": "2020-06-30T00:00:00Z"
  }
},{
  "_id": {
    "$oid": "5efbce7fe2134dbfcf19c561"
  },
  "patient_id": 100000025,
  "medicine_id": 2001,
  "medicine_qty": 6,
  "das": {
    "$date": "2020-06-30T00:00:00Z"
  }
},{
  "_id": {
    "$oid": "5efc2e56015e5aae2af00d45"
  },
  "patient_id": 100000072,
  "medicine_id": 2005,
  "medicine_qty": 5,
  "das": {
    "$date": "2020-07-01T00:00:00Z"
  }
},{
  "_id": {
    "$oid": "5efdab4c50b319ae395b1143"
  },
  "patient_id": 100000028,
  "medicine_id": 2001,
  "medicine_qty": 1,
  "das": {
    "$date": "2020-07-02T00:00:00Z"
  }
},{
  "_id": {
    "$oid": "5efdd7340075dd81d1c8af53"
  },
  "patient_id": 100000068,
  "medicine_id": 2005,
  "medicine_qty": 9,
  "das": {
    "$date": "2020-07-02T00:00:00Z"
  }
},{
  "_id": {
    "$oid": "5efe1ba9a345dcbdd7e7e0dd"
  },
  "patient_id": 100000072,
  "medicine_id": 2005,
  "medicine_qty": 8,
  "das": {
    "$date": "2020-07-02T00:00:00Z"
  }
},{
  "_id": {
    "$oid": "5efe1d5d96a2df3c87cc4e89"
  },
  "patient_id": 100000072,
  "medicine_id": 2005,
  "medicine_qty": 8,
  "das": {
    "$date": "2020-07-02T00:00:00Z"
  }
},{
  "_id": {
    "$oid": "5efe1f75a345dcbdd7e7e0de"
  },
  "patient_id": 100000068,
  "medicine_id": 2006,
  "medicine_qty": 5,
  "das": {
    "$date": "2020-07-02T00:00:00Z"
  }
}]