[{
  "_id": {
    "$oid": "5ef760025ea5260e03a7c3c7"
  },
  "patient_id": 100000002,
  "test_id": 3001,
  "das": {
    "$date": "2020-06-27T00:00:00Z"
  }
},{
  "_id": {
    "$oid": "5ef7618e6ee1bf9f29b12cac"
  },
  "patient_id": 100000002,
  "test_id": 3001,
  "das": {
    "$date": "2020-06-27T00:00:00Z"
  }
},{
  "_id": {
    "$oid": "5ef762b6a0730a24ac083dbd"
  },
  "patient_id": 100000002,
  "test_id": 3001,
  "das": {
    "$date": "2020-06-27T00:00:00Z"
  }
},{
  "_id": {
    "$oid": "5ef7630072f252d4d1a2cfb2"
  },
  "patient_id": 100000002,
  "test_id": 3001,
  "das": {
    "$date": "2020-06-27T00:00:00Z"
  }
},{
  "_id": {
    "$oid": "5ef763aa6654b3cf076c1405"
  },
  "patient_id": 100000002,
  "test_id": 3001,
  "das": {
    "$date": "2020-06-27T00:00:00Z"
  }
},{
  "_id": {
    "$oid": "5ef763c26654b3cf076c1406"
  },
  "patient_id": 100000002,
  "test_id": 3003,
  "das": {
    "$date": "2020-06-27T00:00:00Z"
  }
},{
  "_id": {
    "$oid": "5ef7643c8c28cb6f09a84ed9"
  },
  "patient_id": 100000002,
  "test_id": 3003,
  "das": {
    "$date": "2020-06-27T00:00:00Z"
  }
},{
  "_id": {
    "$oid": "5ef765c386a0af7199bccd58"
  },
  "patient_id": 100000002,
  "test_id": 3003,
  "das": {
    "$date": "2020-06-27T00:00:00Z"
  }
},{
  "_id": {
    "$oid": "5ef7660e13f0b5887f667640"
  },
  "patient_id": 100000002,
  "test_id": 3003,
  "das": {
    "$date": "2020-06-27T00:00:00Z"
  }
},{
  "_id": {
    "$oid": "5ef7667413f0b5887f667641"
  },
  "patient_id": 100000002,
  "test_id": 3005,
  "das": {
    "$date": "2020-06-27T00:00:00Z"
  }
},{
  "_id": {
    "$oid": "5ef7844213f0b5887f667644"
  },
  "patient_id": 100000003,
  "test_id": 3001,
  "das": {
    "$date": "2020-06-27T00:00:00Z"
  }
},{
  "_id": {
    "$oid": "5ef7844613f0b5887f667645"
  },
  "patient_id": 100000003,
  "test_id": 3002,
  "das": {
    "$date": "2020-06-27T00:00:00Z"
  }
},{
  "_id": {
    "$oid": "5ef7844a13f0b5887f667646"
  },
  "patient_id": 100000003,
  "test_id": 3003,
  "das": {
    "$date": "2020-06-27T00:00:00Z"
  }
},{
  "_id": {
    "$oid": "5ef87fde49c401e2160fe450"
  },
  "patient_id": 100000005,
  "test_id": 3001,
  "das": {
    "$date": "2020-06-28T00:00:00Z"
  }
},{
  "_id": {
    "$oid": "5efa779569815f13a741ba11"
  },
  "patient_id": 100000005,
  "test_id": 3005,
  "das": {
    "$date": "2020-06-29T00:00:00Z"
  }
},{
  "_id": {
    "$oid": "5efa790e9e5b4ba983e3004e"
  },
  "patient_id": 100000002,
  "test_id": 3007,
  "das": {
    "$date": "2020-06-29T00:00:00Z"
  }
},{
  "_id": {
    "$oid": "5efa792c9e5b4ba983e3004f"
  },
  "patient_id": 100000002,
  "test_id": 3007,
  "das": {
    "$date": "2020-06-29T00:00:00Z"
  }
},{
  "_id": {
    "$oid": "5efbc8ca81cf31d338bd4cb9"
  },
  "patient_id": 100000021,
  "test_id": 3001,
  "das": {
    "$date": "2020-06-30T00:00:00Z"
  }
},{
  "_id": {
    "$oid": "5efbcec2e2134dbfcf19c562"
  },
  "patient_id": 100000025,
  "test_id": 3001,
  "das": {
    "$date": "2020-06-30T00:00:00Z"
  }
},{
  "_id": {
    "$oid": "5efc2e67015e5aae2af00d46"
  },
  "patient_id": 100000072,
  "test_id": 3005,
  "das": {
    "$date": "2020-07-01T00:00:00Z"
  }
},{
  "_id": {
    "$oid": "5efdab7450b319ae395b1144"
  },
  "patient_id": 100000028,
  "test_id": 3005,
  "das": {
    "$date": "2020-07-02T00:00:00Z"
  }
},{
  "_id": {
    "$oid": "5efdd71c0075dd81d1c8af52"
  },
  "patient_id": 100000068,
  "test_id": 3005,
  "das": {
    "$date": "2020-07-02T00:00:00Z"
  }
}]